base,normalized,chosen_id,chosen_name,chosen_market_cap,confidence,reason,candidates
1000X,X,1000x-by-virtuals,1000x by Virtuals,2661231,high,unique_candidate,"[{""id"": ""1000x-by-virtuals"", ""name"": ""1000x by Virtuals""}]"
MAVIA,MAVIA,heroes-of-mavia,Heroes of Mavia,4083702,high,unique_candidate,"[{""id"": ""heroes-of-mavia"", ""name"": ""Heroes of Mavia""}]"
RECALL,RECALL,recall,Recall,6036119,high,unique_candidate,"[{""id"": ""recall"", ""name"": ""Recall""}]"
BDXN,BDXN,bondex,Bondex,6469410,high,unique_candidate,"[{""id"": ""bondex"", ""name"": ""Bondex""}]"
EPT,EPT,balance,Balance,8866732,high,unique_candidate,"[{""id"": ""balance"", ""name"": ""Balance""}]"
TAC,TAC,tac,TAC,9574132,high,unique_candidate,"[{""id"": ""tac"", ""name"": ""TAC""}]"
VOXEL,VOXEL,voxies,Voxies,9801669,high,unique_candidate,"[{""id"": ""voxies"", ""name"": ""Voxies""}]"
SKATE,SKATE,skate,Skate,9496676,high,unique_candidate,"[{""id"": ""skate"", ""name"": ""Skate""}]"
CHESS,CHESS,tranchess,Tranchess,10128060,high,price_matched_within_5%,"[{""id"": ""chesscoin-0-32"", ""name"": ""ChessCoin 0.32%"", ""market_cap"": 0.0, ""cg_price"": 0.108367}, {""id"": ""tranchess"", ""name"": ""Tranchess"", ""market_cap"": 10128060, ""cg_price"": 0.0493005}]"
FIO,FIO,fio-protocol,FIO Protocol,10597308,high,unique_candidate,"[{""id"": ""fio-protocol"", ""name"": ""FIO Protocol""}]"
MILK,MILK,milkyway-2,MilkyWay,9840434.0,medium,chosen_by_highest_mc,"[{""id"": ""illumicati"", ""name"": ""Illumicati"", ""market_cap"": 154588, ""cg_price"": 2.909e-09}, {""id"": ""milk"", ""name"": ""Cool Cats Milk"", ""market_cap"": 207866, ""cg_price"": 8.477e-05}, {""id"": ""milk-coin"", ""name"": ""MILK Coin"", ""market_cap"": null, ""cg_price"": null}, {""id"": ""milkshakeswap"", ""name"": ""Milkshake Swap"", ""market_cap"": 19.2, ""cg_price"": 1.593e-05}, {""id"": ""milkyway-2"", ""name"": ""MilkyWay"", ""market_cap"": 9840434, ""cg_price"": 0.03789171}, {""id"": ""muesliswap-milk"", ""name"": ""MuesliSwap MILK"", ""market_cap"": 0.0, ""cg_price"": 0.191129}, {""id"": ""udder-chaos-milk"", ""name"": ""MILK"", ""market_cap"": 0.0, ""cg_price"": 0.00086968}]"
ALPINE,ALPINE,alpine-f1-team-fan-token,Alpine F1 Team Fan Token,10131826,high,unique_candidate,"[{""id"": ""alpine-f1-team-fan-token"", ""name"": ""Alpine F1 Team Fan Token""}]"
TA,TA,trusta-ai,Trusta AI,8950987,high,unique_candidate,"[{""id"": ""trusta-ai"", ""name"": ""Trusta AI""}]"
BMT,BMT,bubblemaps,Bubblemaps,10720977,high,price_matched_within_5%,"[{""id"": ""bitcoin-maxi-tears"", ""name"": ""Bitcoin Maxi Tears"", ""market_cap"": 171663, ""cg_price"": 0.00029195}, {""id"": ""bmchain-token"", ""name"": ""BMCHAIN"", ""market_cap"": 0.0, ""cg_price"": 0.00109128}, {""id"": ""bubblemaps"", ""name"": ""Bubblemaps"", ""market_cap"": 10720977, ""cg_price"": 0.04196698}]"
AI,AI,sleepless-ai,Sleepless AI,10445256,high,price_matched_within_5%,"[{""id"": ""aicoin-2"", ""name"": ""AICoin"", ""market_cap"": 0.0, ""cg_price"": 6.44e-06}, {""id"": ""ai-community"", ""name"": ""AI Community"", ""market_cap"": 0.0, ""cg_price"": 0.00025402}, {""id"": ""ai-pin"", ""name"": ""AI PIN"", ""market_cap"": 230282, ""cg_price"": 0.0023086}, {""id"": ""ai-protocol-2"", ""name"": ""AI Protocol"", ""market_cap"": 0.0, ""cg_price"": 0.0}, {""id"": ""any-inu"", ""name"": ""Any Inu"", ""market_cap"": 1171146, ""cg_price"": 2.78e-06}, {""id"": ""artificial-intelligence"", ""name"": ""Artificial Intelligence"", ""market_cap"": 0.0, ""cg_price"": 1.19659e-07}, {""id"": ""artificial-inu"", ""name"": ""Artificial Inu"", ""market_cap"": 362729, ""cg_price"": 0.00036643}, {""id"": ""flourishing-ai-token"", ""name"": ""Flourishing AI"", ""market_cap"": 171178, ""cg_price"": 0.0072226}, {""id"": ""multiverse"", ""name"": ""Multiverse"", ""market_cap"": 0.0, ""cg_price"": 1.573e-05}, {""id"": ""sleepless-ai"", ""name"": ""Sleepless AI"", ""market_cap"": 10445256, ""cg_price"": 0.08038}]"
FHE,FHE,mind-network,Mind Network,8921211,high,unique_candidate,"[{""id"": ""mind-network"", ""name"": ""Mind Network""}]"
PLAY,PLAY,play-3,Play,11731230.0,medium,chosen_by_highest_mc,"[{""id"": ""play-2"", ""name"": ""PLAY"", ""market_cap"": 1171179, ""cg_price"": 0.00157391}, {""id"": ""play-3"", ""name"": ""Play"", ""market_cap"": 11731230, ""cg_price"": 1.18}, {""id"": ""playsout"", ""name"": ""PlaysOut"", ""market_cap"": 10039359, ""cg_price"": 0.02690221}]"
COS,COS,contentos,Contentos,11514278,high,unique_candidate,"[{""id"": ""contentos"", ""name"": ""Contentos""}]"
FIS,FIS,stafi,Stafi,11391047,high,unique_candidate,"[{""id"": ""stafi"", ""name"": ""Stafi""}]"
TANSSI,TANSSI,tanssi,Tanssi,9601406,high,unique_candidate,"[{""id"": ""tanssi"", ""name"": ""Tanssi""}]"
DMC,DMC,delorean,DeLorean,9946001.0,medium,chosen_by_highest_mc,"[{""id"": ""datamall-coin"", ""name"": ""Datamall Coin"", ""market_cap"": 3863.98, ""cg_price"": 1.009e-05}, {""id"": ""decentralized-mining-exchange"", ""name"": ""Decentralized Mining Exchange"", ""market_cap"": 0.0, ""cg_price"": 0.00123348}, {""id"": ""delorean"", ""name"": ""DeLorean"", ""market_cap"": 9946001, ""cg_price"": 0.00263085}, {""id"": ""dominica-coin"", ""name"": ""Dominica Coin"", ""market_cap"": null, ""cg_price"": null}]"
LUMIA,LUMIA,lumia,Lumia,11845086,high,unique_candidate,"[{""id"": ""lumia"", ""name"": ""Lumia""}]"
FLM,FLM,flamingo-finance,Flamingo Finance,12351482,high,unique_candidate,"[{""id"": ""flamingo-finance"", ""name"": ""Flamingo Finance""}]"
ARC,ARC,ai-rig-complex,AI Rig Complex,13712921.0,medium,chosen_by_highest_mc,"[{""id"": ""ai-rig-complex"", ""name"": ""AI Rig Complex"", ""market_cap"": 13712921, ""cg_price"": 0.01373388}, {""id"": ""arc"", ""name"": ""ARC"", ""market_cap"": 2414616, ""cg_price"": 0.00234429}, {""id"": ""arcade-2"", ""name"": ""Arcade"", ""market_cap"": 152278, ""cg_price"": 0.00151752}, {""id"": ""arcadeum"", ""name"": ""Arcadeum"", ""market_cap"": 0.0, ""cg_price"": 0.0291489}, {""id"": ""archly-finance"", ""name"": ""Archly Finance"", ""market_cap"": null, ""cg_price"": null}, {""id"": ""reactor-3"", ""name"": ""Reactor"", ""market_cap"": 22458, ""cg_price"": 3.846e-05}]"
OBOL,OBOL,obol-2,Obol,11616370,high,unique_candidate,"[{""id"": ""obol-2"", ""name"": ""Obol""}]"
BULLA,BULLA,bulla-3,BULLA,13229390.0,medium,chosen_by_highest_mc,"[{""id"": ""bulla"", ""name"": ""BULLA"", ""market_cap"": 20324, ""cg_price"": 0.00114532}, {""id"": ""bulla-3"", ""name"": ""BULLA"", ""market_cap"": 13229390, ""cg_price"": 0.04726534}, {""id"": ""bulla-4"", ""name"": ""Bulla"", ""market_cap"": 299657, ""cg_price"": 4.852e-05}]"
ASR,ASR,as-roma-fan-token,AS Roma Fan Token,12649673,high,unique_candidate,"[{""id"": ""as-roma-fan-token"", ""name"": ""AS Roma Fan Token""}]"
DAM,DAM,reservoir,Reservoir,11379734.0,medium,chosen_by_highest_mc,"[{""id"": ""dam"", ""name"": ""DAM"", ""market_cap"": 14434.46, ""cg_price"": 1.502e-05}, {""id"": ""datamine"", ""name"": ""Datamine"", ""market_cap"": 118960, ""cg_price"": 0.03865392}, {""id"": ""reservoir"", ""name"": ""Reservoir"", ""market_cap"": 11379734, ""cg_price"": 0.057126}, {""id"": ""suibeaver"", ""name"": ""suibeaver"", ""market_cap"": 46478, ""cg_price"": 4.65e-06}]"
HIPPO,HIPPO,sudeng,sudeng,12820631,high,unique_candidate,"[{""id"": ""sudeng"", ""name"": ""sudeng""}]"
HANA,HANA,hana-network,Hana Network,12532181.0,medium,chosen_by_highest_mc,"[{""id"": ""hana"", ""name"": ""Hana"", ""market_cap"": 153695, ""cg_price"": 1.725e-05}, {""id"": ""hana-by-virtuals"", ""name"": ""Hana by Virtuals"", ""market_cap"": 2006293, ""cg_price"": 0.00200402}, {""id"": ""hana-network"", ""name"": ""Hana Network"", ""market_cap"": 12532181, ""cg_price"": 0.052365}]"
KOMA,KOMA,koma-inu,Koma Inu,12344652.0,medium,chosen_by_highest_mc,"[{""id"": ""koma-inu"", ""name"": ""Koma Inu"", ""market_cap"": 12344652, ""cg_price"": 0.02040328}, {""id"": ""komari"", ""name"": ""Komari"", ""market_cap"": 15495.33, ""cg_price"": 0.00015495}]"
BR,BR,bedrock-token,Bedrock,15294270,high,unique_candidate,"[{""id"": ""bedrock-token"", ""name"": ""Bedrock""}]"
PIXEL,PIXEL,pixels,Pixels,14241612,high,price_matched_within_5%,"[{""id"": ""pixel-battle-2"", ""name"": ""PIXEL BATTLE"", ""market_cap"": 5045.87, ""cg_price"": 5.05e-06}, {""id"": ""pixels"", ""name"": ""Pixels"", ""market_cap"": 14241612, ""cg_price"": 0.01847453}, {""id"": ""pixelverse"", ""name"": ""PixelVerse"", ""market_cap"": 0.0, ""cg_price"": 9.454e-05}]"
CATI,CATI,catizen,Catizen,14417881,high,unique_candidate,"[{""id"": ""catizen"", ""name"": ""Catizen""}]"
QUICK,QUICK,quickswap,Quickswap,14316875,high,price_matched_within_5%,"[{""id"": ""quick"", ""name"": ""Quickswap [OLD]"", ""market_cap"": 14501373, ""cg_price"": 19.7}, {""id"": ""quick-drop"", ""name"": ""Quick Drop"", ""market_cap"": 0.0, ""cg_price"": 2.91662e-07}, {""id"": ""quickswap"", ""name"": ""Quickswap"", ""market_cap"": 14316875, ""cg_price"": 0.01945264}]"
SWARMS,SWARMS,swarms,Swarms,14538937,high,unique_candidate,"[{""id"": ""swarms"", ""name"": ""Swarms""}]"
XNY,XNY,codatta,Codatta,14397923,high,unique_candidate,"[{""id"": ""codatta"", ""name"": ""Codatta""}]"
BID,BID,creatorbid,CreatorBid,13748547.0,medium,chosen_by_highest_mc,"[{""id"": ""bidao"", ""name"": ""Bidao"", ""market_cap"": 0.0, ""cg_price"": 0.00022747}, {""id"": ""creatorbid"", ""name"": ""CreatorBid"", ""market_cap"": 13748547, ""cg_price"": 0.050959}]"
CUDIS,CUDIS,cudis,Cudis,13138744,high,unique_candidate,"[{""id"": ""cudis"", ""name"": ""Cudis""}]"
PIPPIN,PIPPIN,pippin,pippin,15742304,high,unique_candidate,"[{""id"": ""pippin"", ""name"": ""pippin""}]"
D,D,dar-open-network,Dar Open Network,15834435.0,medium,chosen_by_highest_mc,"[{""id"": ""dar-open-network"", ""name"": ""Dar Open Network"", ""market_cap"": 15834435, ""cg_price"": 0.02466534}, {""id"": ""daruma-2"", ""name"": ""DARUMA"", ""market_cap"": 6952.72, ""cg_price"": 7.58e-06}]"
BTR,BTR,bitlayer-bitvm,Bitlayer,17198674.0,medium,chosen_by_highest_mc,"[{""id"": ""bitlayer-bitvm"", ""name"": ""Bitlayer"", ""market_cap"": 17198674, ""cg_price"": 0.065861}, {""id"": ""bitra"", ""name"": ""Bitra"", ""market_cap"": 66567, ""cg_price"": 665.67}, {""id"": ""bitrue-token"", ""name"": ""Bitrue Coin"", ""market_cap"": 10682955, ""cg_price"": 0.03107169}]"
PORTAL,PORTAL,portal-2,Portal,16777212,high,unique_candidate,"[{""id"": ""portal-2"", ""name"": ""Portal""}]"
GHST,GHST,aavegotchi,Aavegotchi,16347739,high,unique_candidate,"[{""id"": ""aavegotchi"", ""name"": ""Aavegotchi""}]"
PERP,PERP,perpetual-protocol,Perpetual Protocol,17121472,high,unique_candidate,"[{""id"": ""perpetual-protocol"", ""name"": ""Perpetual Protocol""}]"
NKN,NKN,nkn,NKN,16648406,high,unique_candidate,"[{""id"": ""nkn"", ""name"": ""NKN""}]"
MLN,MLN,melon,Enzyme,35007858,high,unique_candidate,"[{""id"": ""melon"", ""name"": ""Enzyme""}]"
PORT3,PORT3,port3-network,Port3 Network,15604873,high,unique_candidate,"[{""id"": ""port3-network"", ""name"": ""Port3 Network""}]"
C,C,chainbase,Chainbase,18772254,high,unique_candidate,"[{""id"": ""chainbase"", ""name"": ""Chainbase""}]"
SWELL,SWELL,swell-network,Swell,17463385.0,medium,chosen_by_highest_mc,"[{""id"": ""layerzero-bridged-swell"", ""name"": ""Layerzero Bridged Swell"", ""market_cap"": 5412446, ""cg_price"": 0.00658735}, {""id"": ""swell-network"", ""name"": ""Swell"", ""market_cap"": 17463385, ""cg_price"": 0.00658088}]"
SYN,SYN,synapse-2,Synapse,18404853.0,medium,chosen_by_highest_mc,"[{""id"": ""synapse-2"", ""name"": ""Synapse"", ""market_cap"": 18404853, ""cg_price"": 0.084107}, {""id"": ""synari"", ""name"": ""Synari"", ""market_cap"": 9064.56, ""cg_price"": 9.608e-05}, {""id"": ""syn-dog"", ""name"": ""Syn Dog"", ""market_cap"": 0.0, ""cg_price"": 9.86e-06}, {""id"": ""synthra"", ""name"": ""Synthra"", ""market_cap"": null, ""cg_price"": null}]"
ATA,ATA,automata,Automata,18564004,high,price_matched_within_5%,"[{""id"": ""ata-by-virtuals"", ""name"": ""ATA by Virtuals"", ""market_cap"": 34541, ""cg_price"": 3.636e-05}, {""id"": ""automata"", ""name"": ""Automata"", ""market_cap"": 18564004, ""cg_price"": 0.03170638}]"
OL,OL,open-loot,OPENLOOT,18583149,high,unique_candidate,"[{""id"": ""open-loot"", ""name"": ""OPENLOOT""}]"
HEI,HEI,heima,Heima,18973250,high,unique_candidate,"[{""id"": ""heima"", ""name"": ""Heima""}]"
OXT,OXT,orchid-protocol,Orchid Protocol,24972424,high,unique_candidate,"[{""id"": ""orchid-protocol"", ""name"": ""Orchid Protocol""}]"
DUSK,DUSK,dusk-network,DUSK,25052786,high,unique_candidate,"[{""id"": ""dusk-network"", ""name"": ""DUSK""}]"
TRU,TRU,truefi,TrueFi,28977114,high,price_matched_within_5%,"[{""id"": ""truebit-protocol"", ""name"": ""Truebit Protocol"", ""market_cap"": 0.0, ""cg_price"": 0.211104}, {""id"": ""truefi"", ""name"": ""TrueFi"", ""market_cap"": 28977114, ""cg_price"": 0.02183377}, {""id"": ""trulink"", ""name"": ""Trulink"", ""market_cap"": 11753.96, ""cg_price"": 1.182e-05}]"
A2Z,A2Z,arena-z,Arena-Z,24165992,high,unique_candidate,"[{""id"": ""arena-z"", ""name"": ""Arena-Z""}]"
AIN,AIN,infinity-ground,Infinity Ground,24380618.0,medium,chosen_by_highest_mc,"[{""id"": ""ainalyst"", ""name"": ""AInalyst"", ""market_cap"": 81421, ""cg_price"": 8.142e-05}, {""id"": ""ai-network"", ""name"": ""AI Network"", ""market_cap"": 2969354, ""cg_price"": 0.01102087}, {""id"": ""infinity-ground"", ""name"": ""Infinity Ground"", ""market_cap"": 24380618, ""cg_price"": 0.13161}]"
FORTH,FORTH,ampleforth-governance-token,Ampleforth Governance,26302307,high,unique_candidate,"[{""id"": ""ampleforth-governance-token"", ""name"": ""Ampleforth Governance""}]"
STORJ,STORJ,storj,Storj,26335798,high,unique_candidate,"[{""id"": ""storj"", ""name"": ""Storj""}]"
SHELL,SHELL,myshell,MyShell,25590172,high,price_matched_within_5%,"[{""id"": ""myshell"", ""name"": ""MyShell"", ""market_cap"": 25590172, ""cg_price"": 0.094686}, {""id"": ""stargate-bridged-shell-avalanche"", ""name"": ""Stargate Bridged Shell (Avalanche)"", ""market_cap"": 0.0, ""cg_price"": 0.00064196}]"
TOKEN,TOKEN,tokenfi,TokenFi,25530456.0,medium,chosen_by_highest_mc,"[{""id"": ""token"", ""name"": ""Token.com"", ""market_cap"": 826528, ""cg_price"": 0.00165306}, {""id"": ""tokenfi"", ""name"": ""TokenFi"", ""market_cap"": 25530456, ""cg_price"": 0.00869511}]"
TREE,TREE,tree-capital,Tree,27797568.0,medium,chosen_by_highest_mc,"[{""id"": ""tree-capital"", ""name"": ""Tree"", ""market_cap"": 27797568, ""cg_price"": 0.275155}, {""id"": ""treehouse"", ""name"": ""Treehouse"", ""market_cap"": 25961876, ""cg_price"": 0.166473}, {""id"": ""treeplanting"", ""name"": ""/treeplanting"", ""market_cap"": 0.0, ""cg_price"": 2.418e-05}]"
MUBARAK,MUBARAK,mubarak,Mubarak,25524043,high,price_matched_within_5%,"[{""id"": ""mubarak"", ""name"": ""Mubarak"", ""market_cap"": 25524043, ""cg_price"": 0.02552711}, {""id"": ""mubarak-sol"", ""name"": ""Mubarak Sol"", ""market_cap"": 10887.56, ""cg_price"": 1.092e-05}]"
MBOX,MBOX,mobox,Mobox,25653904,high,unique_candidate,"[{""id"": ""mobox"", ""name"": ""Mobox""}]"
SYS,SYS,syscoin,Syscoin,25886123,high,unique_candidate,"[{""id"": ""syscoin"", ""name"": ""Syscoin""}]"
SOLV,SOLV,solv-protocol,Solv Protocol,25244462,high,unique_candidate,"[{""id"": ""solv-protocol"", ""name"": ""Solv Protocol""}]"
RDNT,RDNT,radiant-capital,Radiant Capital,24630710,high,unique_candidate,"[{""id"": ""radiant-capital"", ""name"": ""Radiant Capital""}]"
AVA,AVA,concierge-io,AVA (Travala),27747120,high,price_matched_within_5%,"[{""id"": ""ava-ai"", ""name"": ""Ava AI"", ""market_cap"": 13140321, ""cg_price"": 0.01316446}, {""id"": ""ava-chiang-mai-night-safari-ava"", ""name"": ""AVA Chiang Mai Night Safari (AVA)"", ""market_cap"": 64452, ""cg_price"": 6.489e-05}, {""id"": ""ava-foundation-bridged-ava-bsc"", ""name"": ""AVA (Travala) Bridged AVA (BSC)"", ""market_cap"": 0.0, ""cg_price"": 0.396508}, {""id"": ""ava-the-golden-tiger"", ""name"": ""Ava The Golden Tiger"", ""market_cap"": 4458.07, ""cg_price"": 0.00112867}, {""id"": ""concierge-io"", ""name"": ""AVA (Travala)"", ""market_cap"": 27747120, ""cg_price"": 0.397328}]"
TRUTH,TRUTH,swarm-network,Swarm Network,29516206.0,medium,chosen_by_highest_mc,"[{""id"": ""swarm-network"", ""name"": ""Swarm Network"", ""market_cap"": 29516206, ""cg_price"": 0.01415601}, {""id"": ""truthchain"", ""name"": ""TruthChain"", ""market_cap"": 99578, ""cg_price"": 9.976e-05}, {""id"": ""truthgpt"", ""name"": ""TruthGPT"", ""market_cap"": 0.0, ""cg_price"": 7.407e-05}]"
HMSTR,HMSTR,hamster-kombat,Hamster Kombat,28282083,high,unique_candidate,"[{""id"": ""hamster-kombat"", ""name"": ""Hamster Kombat""}]"
REI,REI,unit-00-rei,Rei,28854576.0,medium,chosen_by_highest_mc,"[{""id"": ""rei-ai-by-virtuals"", ""name"": ""REI AI by Virtuals"", ""market_cap"": 55708, ""cg_price"": 0.00011189}, {""id"": ""rei-network"", ""name"": ""REI Network"", ""market_cap"": 12309214, ""cg_price"": 0.01254617}, {""id"": ""unit-00-rei"", ""name"": ""Rei"", ""market_cap"": 28854576, ""cg_price"": 0.02885944}]"
F,F,synfutures,SynFutures,25853808.0,medium,chosen_by_highest_mc,"[{""id"": ""f"", ""name"": ""F"", ""market_cap"": 15965.93, ""cg_price"": 1.597e-05}, {""id"": ""synfutures"", ""name"": ""SynFutures"", ""market_cap"": 25853808, ""cg_price"": 0.00955098}]"
VFY,VFY,zkverify,zkVerify,21915920,high,unique_candidate,"[{""id"": ""zkverify"", ""name"": ""zkVerify""}]"
EVAA,EVAA,evaa-protocol,EVAA Protocol,22536130,high,unique_candidate,"[{""id"": ""evaa-protocol"", ""name"": ""EVAA Protocol""}]"
CHILLGUY,CHILLGUY,chill-guy,Just a chill guy,27920431.0,medium,chosen_by_highest_mc,"[{""id"": ""chill-guy"", ""name"": ""Just a chill guy"", ""market_cap"": 27920431, ""cg_price"": 0.02791988}, {""id"": ""just-a-chill-guy"", ""name"": ""Just a chill guy (ETH)"", ""market_cap"": 182645, ""cg_price"": 0.00018287}]"
EDEN,EDEN,openeden,OpenEden,27418595,high,price_matched_within_5%,"[{""id"": ""eden"", ""name"": ""EDEN"", ""market_cap"": 3538385, ""cg_price"": 0.02220663}, {""id"": ""eden-2"", ""name"": ""EDEN"", ""market_cap"": 7331.54, ""cg_price"": 2.283e-05}, {""id"": ""edenlayer"", ""name"": ""Edenlayer"", ""market_cap"": 350167, ""cg_price"": 0.00088446}, {""id"": ""openeden"", ""name"": ""OpenEden"", ""market_cap"": 27418595, ""cg_price"": 0.149288}]"
GPS,GPS,goplus-security,GoPlus Security,28670386,high,unique_candidate,"[{""id"": ""goplus-security"", ""name"": ""GoPlus Security""}]"
ARIA,ARIA,aria-ai,Aria.AI,28068442.0,medium,chosen_by_highest_mc,"[{""id"": ""aria"", ""name"": ""Aria"", ""market_cap"": 719650, ""cg_price"": 0.00080111}, {""id"": ""aria-ai"", ""name"": ""Aria.AI"", ""market_cap"": 28068442, ""cg_price"": 0.153378}]"
EPIC,EPIC,epic-chain,Epic Chain,29578729,high,price_matched_within_5%,"[{""id"": ""epic-cash"", ""name"": ""Epic Cash"", ""market_cap"": 3668611, ""cg_price"": 0.193713}, {""id"": ""epic-chain"", ""name"": ""Epic Chain"", ""market_cap"": 29578729, ""cg_price"": 0.986011}]"
SKYAI,SKYAI,skyai,SkyAI,23847517,high,unique_candidate,"[{""id"": ""skyai"", ""name"": ""SkyAI""}]"
ZKJ,ZKJ,polyhedra-network,Polyhedra Network,29776223,high,unique_candidate,"[{""id"": ""polyhedra-network"", ""name"": ""Polyhedra Network""}]"
PUFFER,PUFFER,puffer-finance,Puffer,28131050,high,unique_candidate,"[{""id"": ""puffer-finance"", ""name"": ""Puffer""}]"
INIT,INIT,initia,Initia,30735307,high,price_matched_within_5%,"[{""id"": ""init"", ""name"": ""Inite"", ""market_cap"": null, ""cg_price"": null}, {""id"": ""initia"", ""name"": ""Initia"", ""market_cap"": 30735307, ""cg_price"": 0.184089}]"
KSM,KSM,kusama,Kusama,29266161,high,unique_candidate,"[{""id"": ""kusama"", ""name"": ""Kusama""}]"
RARE,RARE,superrare,SuperRare,31424398,high,price_matched_within_5%,"[{""id"": ""superrare"", ""name"": ""SuperRare"", ""market_cap"": 31424398, ""cg_price"": 0.03839214}, {""id"": ""superrarebears-rare"", ""name"": ""SuperRareBears RARE"", ""market_cap"": 37404, ""cg_price"": 0.00108645}, {""id"": ""unique-one"", ""name"": ""Unique One"", ""market_cap"": 25209, ""cg_price"": 0.01008358}]"
WCT,WCT,connect-token-wct,WalletConnect Token,31708640,high,unique_candidate,"[{""id"": ""connect-token-wct"", ""name"": ""WalletConnect Token""}]"
MAV,MAV,maverick-protocol,Maverick Protocol,31080549,high,unique_candidate,"[{""id"": ""maverick-protocol"", ""name"": ""Maverick Protocol""}]"
THE,THE,thena,Thena,31429920,high,price_matched_within_5%,"[{""id"": ""the-coin"", ""name"": ""the coin"", ""market_cap"": 74167, ""cg_price"": 7.576e-05}, {""id"": ""thena"", ""name"": ""Thena"", ""market_cap"": 31429920, ""cg_price"": 0.269415}, {""id"": ""the-protocol"", ""name"": ""The Protocol"", ""market_cap"": 0.0, ""cg_price"": 8.107e-05}]"
SAPIEN,SAPIEN,sapien-2,Sapien,32986769,high,unique_candidate,"[{""id"": ""sapien-2"", ""name"": ""Sapien""}]"
NEWT,NEWT,newton-protocol,Newton Protocol,32364011.0,medium,chosen_by_highest_mc,"[{""id"": ""newt"", ""name"": ""Newt"", ""market_cap"": 45083, ""cg_price"": 0.00214681}, {""id"": ""newton-protocol"", ""name"": ""Newton Protocol"", ""market_cap"": 32364011, ""cg_price"": 0.150731}]"
NTRN,NTRN,neutron-3,Neutron,32390256,high,unique_candidate,"[{""id"": ""neutron-3"", ""name"": ""Neutron""}]"
ACT,ACT,act-i-the-ai-prophecy,Act I The AI Prophecy,22040519,high,price_matched_within_5%,"[{""id"": ""acet-token"", ""name"": ""Acet"", ""market_cap"": 31708789, ""cg_price"": 0.01843165}, {""id"": ""achain"", ""name"": ""Achain"", ""market_cap"": 19817101, ""cg_price"": 0.02311193}, {""id"": ""act-i-the-ai-prophecy"", ""name"": ""Act I The AI Prophecy"", ""market_cap"": 22040519, ""cg_price"": 0.02326682}]"
NAORIS,NAORIS,naoris,Naoris Protocol,29999185,high,unique_candidate,"[{""id"": ""naoris"", ""name"": ""Naoris Protocol""}]"
PHB,PHB,phoenix-global,Phoenix,33951552.0,medium,chosen_by_highest_mc,"[{""id"": ""phoenix-global"", ""name"": ""Phoenix"", ""market_cap"": 33951552, ""cg_price"": 0.571649}, {""id"": ""red-pulse"", ""name"": ""Phoenix Global [OLD]"", ""market_cap"": 19269934, ""cg_price"": 0.0056775}]"
OGN,OGN,origin-protocol,Origin Token,32583726,high,unique_candidate,"[{""id"": ""origin-protocol"", ""name"": ""Origin Token""}]"
REZ,REZ,renzo,Renzo,30567669,high,unique_candidate,"[{""id"": ""renzo"", ""name"": ""Renzo""}]"
CELR,CELR,celer-network,Celer Network,33364114,high,unique_candidate,"[{""id"": ""celer-network"", ""name"": ""Celer Network""}]"
ESPORTS,ESPORTS,yooldo-games,Yooldo Games,32415966,high,unique_candidate,"[{""id"": ""yooldo-games"", ""name"": ""Yooldo Games""}]"
HFT,HFT,hashflow,Hashflow,32853736,high,unique_candidate,"[{""id"": ""hashflow"", ""name"": ""Hashflow""}]"
DOLO,DOLO,dolomite,Dolomite,34082050,high,unique_candidate,"[{""id"": ""dolomite"", ""name"": ""Dolomite""}]"
DEGO,DEGO,dego-finance,Dego Finance,33897937,high,unique_candidate,"[{""id"": ""dego-finance"", ""name"": ""Dego Finance""}]"
SCR,SCR,scroll,Scroll,33304494,high,unique_candidate,"[{""id"": ""scroll"", ""name"": ""Scroll""}]"
USUAL,USUAL,usual,Usual,34983994,high,unique_candidate,"[{""id"": ""usual"", ""name"": ""Usual""}]"
VANRY,VANRY,vanar-chain,Vanar Chain,35521434,high,unique_candidate,"[{""id"": ""vanar-chain"", ""name"": ""Vanar Chain""}]"
LYN,LYN,everlyn,Everlyn,27584458.0,medium,chosen_by_highest_mc,"[{""id"": ""everlyn"", ""name"": ""Everlyn"", ""market_cap"": 27584458, ""cg_price"": 0.131983}, {""id"": ""lyn"", ""name"": ""Lyn"", ""market_cap"": 167833, ""cg_price"": 0.00017061}]"
BANANAS31,BANANAS31,banana-for-scale-2,Banana For Scale,33914095,high,unique_candidate,"[{""id"": ""banana-for-scale-2"", ""name"": ""Banana For Scale""}]"
ZRC,ZRC,zircuit,Zircuit,35598764,high,unique_candidate,"[{""id"": ""zircuit"", ""name"": ""Zircuit""}]"
IN,IN,infinit,INFINIT,33891648.0,medium,chosen_by_highest_mc,"[{""id"": ""incoin-2"", ""name"": ""Incoin"", ""market_cap"": 237137, ""cg_price"": 0.00024178}, {""id"": ""infinit"", ""name"": ""INFINIT"", ""market_cap"": 33891648, ""cg_price"": 0.148934}]"
AIO,AIO,olaxbt,OlaXBT,38742754.0,medium,chosen_by_highest_mc,"[{""id"": ""all-in-one-wallet"", ""name"": ""All In One Wallet"", ""market_cap"": null, ""cg_price"": null}, {""id"": ""olaxbt"", ""name"": ""OlaXBT"", ""market_cap"": 38742754, ""cg_price"": 0.167966}]"
PONKE,PONKE,ponke,PONKE,37543192.0,medium,chosen_by_highest_mc,"[{""id"": ""ponke"", ""name"": ""PONKE"", ""market_cap"": 37543192, ""cg_price"": 0.067549}, {""id"": ""ponke-ton"", ""name"": ""Ponke TON"", ""market_cap"": 0.0, ""cg_price"": 4.753e-05}]"
XAI,XAI,xai-blockchain,Xai,36282543,high,price_matched_within_5%,"[{""id"": ""grok-3"", ""name"": ""Grok"", ""market_cap"": 0.0, ""cg_price"": 4.95254e-10}, {""id"": ""paimon-xai-spv-token"", ""name"": ""Paimon xAI SPV Token"", ""market_cap"": 1004471, ""cg_price"": 95.42}, {""id"": ""sideshift-token"", ""name"": ""SideShift"", ""market_cap"": 21171299, ""cg_price"": 0.138908}, {""id"": ""xai-blockchain"", ""name"": ""Xai"", ""market_cap"": 36282543, ""cg_price"": 0.02835968}, {""id"": ""xai-corp"", ""name"": ""XAI Corp"", ""market_cap"": 0.0, ""cg_price"": 0.00022072}, {""id"": ""xai-prestocks"", ""name"": ""xAI PreStocks [OLD]"", ""market_cap"": 88365, ""cg_price"": 198.79}, {""id"": ""xai-prestocks-2"", ""name"": ""xAI PreStocks"", ""market_cap"": 572086, ""cg_price"": 45.58}]"
AERGO,AERGO,aergo,Aergo,36740219,high,unique_candidate,"[{""id"": ""aergo"", ""name"": ""Aergo""}]"
ICNT,ICNT,impossible-cloud-network-token,Impossible Cloud Network Token,38544528,high,unique_candidate,"[{""id"": ""impossible-cloud-network-token"", ""name"": ""Impossible Cloud Network Token""}]"
AGLD,AGLD,adventure-gold,Adventure Gold,36841110,high,unique_candidate,"[{""id"": ""adventure-gold"", ""name"": ""Adventure Gold""}]"
SLERF,SLERF,slerf,Slerf,34902030,high,unique_candidate,"[{""id"": ""slerf"", ""name"": ""Slerf""}]"
STO,STO,stakestone,StakeStone,40508647,high,unique_candidate,"[{""id"": ""stakestone"", ""name"": ""StakeStone""}]"
DOGS,DOGS,dogs-2,Dogs,38557749.0,medium,chosen_by_highest_mc,"[{""id"": ""doggensnout-skeptic"", ""name"": ""Doggensnout Skeptic"", ""market_cap"": 0.0, ""cg_price"": 5.77992e-10}, {""id"": ""dogs-2"", ""name"": ""Dogs"", ""market_cap"": 38557749, ""cg_price"": 7.462e-05}, {""id"": ""we-love-dogs"", ""name"": ""We Love Dogs"", ""market_cap"": 28268, ""cg_price"": 2.827e-05}]"
ALICE,ALICE,my-neighbor-alice,My Neighbor Alice,33937125,high,price_matched_within_5%,"[{""id"": ""alice"", ""name"": ""Alice"", ""market_cap"": 10123.55, ""cg_price"": 1.054e-05}, {""id"": ""alice-2"", ""name"": ""Alice"", ""market_cap"": 0.0, ""cg_price"": 0.01750629}, {""id"": ""alice-3"", ""name"": ""Alice"", ""market_cap"": 6056.04, ""cg_price"": 6.07e-06}, {""id"": ""alice-4"", ""name"": ""AdaptLearnIntellectCompanyEngine"", ""market_cap"": 16667.25, ""cg_price"": 1.667e-05}, {""id"": ""my-neighbor-alice"", ""name"": ""My Neighbor Alice"", ""market_cap"": 33937125, ""cg_price"": 0.369076}]"
TRADOOR,TRADOOR,tradoor,Tradoor,33147181,high,unique_candidate,"[{""id"": ""tradoor"", ""name"": ""Tradoor""}]"
TAG,TAG,tagger,TAGGER,36803965,high,unique_candidate,"[{""id"": ""tagger"", ""name"": ""TAGGER""}]"
SAGA,SAGA,saga-2,Saga,38514432.0,medium,chosen_by_highest_mc,"[{""id"": ""saga-2"", ""name"": ""Saga"", ""market_cap"": 38514432, ""cg_price"": 0.12568}, {""id"": ""wrapped-saga"", ""name"": ""Wrapped SAGA"", ""market_cap"": 0.0, ""cg_price"": 0.125235}]"
SSV,SSV,ssv-network,SSV Network,41140040,high,unique_candidate,"[{""id"": ""ssv-network"", ""name"": ""SSV Network""}]"
C98,C98,coin98,Coin98,39128915,high,unique_candidate,"[{""id"": ""coin98"", ""name"": ""Coin98""}]"
CROSS,CROSS,cross-2,Cross,44543322,high,unique_candidate,"[{""id"": ""cross-2"", ""name"": ""Cross""}]"
AKE,AKE,akedo,Akedo,36290151,high,unique_candidate,"[{""id"": ""akedo"", ""name"": ""Akedo""}]"
ENSO,ENSO,enso,Enso,42492342,high,unique_candidate,"[{""id"": ""enso"", ""name"": ""Enso""}]"
MOVR,MOVR,moonriver,Moonriver,41207930,high,price_matched_within_5%,"[{""id"": ""moonriver"", ""name"": ""Moonriver"", ""market_cap"": 41207930, ""cg_price"": 4.07}, {""id"": ""movr-ai"", ""name"": ""MOVR.ai"", ""market_cap"": 14596.42, ""cg_price"": 1.46e-05}]"
Q,Q,quack-ai,Quack AI,45421955.0,medium,chosen_by_highest_mc,"[{""id"": ""q"", ""name"": ""Q"", ""market_cap"": 8726.28, ""cg_price"": 9.82e-06}, {""id"": ""quack-ai"", ""name"": ""Quack AI"", ""market_cap"": 45421955, ""cg_price"": 0.02810765}, {""id"": ""quantumcoin"", ""name"": ""QuantumCoin"", ""market_cap"": 2489439, ""cg_price"": 1.43028e-07}]"
CETUS,CETUS,cetus-protocol,Cetus Protocol,44025648,high,unique_candidate,"[{""id"": ""cetus-protocol"", ""name"": ""Cetus Protocol""}]"
HYPER,HYPER,hyperlane,Hyperlane,40380746,high,price_matched_within_5%,"[{""id"": ""bitcoin-hyper-2"", ""name"": ""Bitcoin Hyper"", ""market_cap"": 508841, ""cg_price"": 0.00050949}, {""id"": ""hyper-4"", ""name"": ""Hyper"", ""market_cap"": 0.0, ""cg_price"": 1.97573e-07}, {""id"": ""hyperfy"", ""name"": ""Hyperfy"", ""market_cap"": 609318, ""cg_price"": 0.00136102}, {""id"": ""hyperlane"", ""name"": ""Hyperlane"", ""market_cap"": 40380746, ""cg_price"": 0.203472}]"
STBL,STBL,stbl,STBL,55900097.0,medium,chosen_by_highest_mc,"[{""id"": ""algostable"", ""name"": ""AlgoStable"", ""market_cap"": 0.0, ""cg_price"": 0.985918}, {""id"": ""stability"", ""name"": ""Stability"", ""market_cap"": 1665072, ""cg_price"": 0.166042}, {""id"": ""stbl"", ""name"": ""STBL"", ""market_cap"": 55900097, ""cg_price"": 0.111822}]"
MET,MET,metya,MetYa,40790752.0,medium,chosen_by_highest_mc,"[{""id"": ""met-ai"", ""name"": ""Met.AI"", ""market_cap"": 24093, ""cg_price"": 4.015e-05}, {""id"": ""meteora"", ""name"": ""Meteora"", ""market_cap"": null, ""cg_price"": null}, {""id"": ""metformin"", ""name"": ""Metformin"", ""market_cap"": 32012, ""cg_price"": 3.224e-05}, {""id"": ""metronome"", ""name"": ""Metronome"", ""market_cap"": 4554424, ""cg_price"": 0.527098}, {""id"": ""metya"", ""name"": ""MetYa"", ""market_cap"": 40790752, ""cg_price"": 0.214494}]"
ZEREBRO,ZEREBRO,zerebro,Zerebro,41940091,high,unique_candidate,"[{""id"": ""zerebro"", ""name"": ""Zerebro""}]"
GIGGLE,GIGGLE,giggle-fund,Giggle Fund,117868148,high,unique_candidate,"[{""id"": ""giggle-fund"", ""name"": ""Giggle Fund""}]"
IOTX,IOTX,iotex,IoTeX,117021523,high,price_matched_within_5%,"[{""id"": ""binance-peg-iotex"", ""name"": ""Binance-Peg IoTeX"", ""market_cap"": 0.0, ""cg_price"": 0.01224954}, {""id"": ""iotex"", ""name"": ""IoTeX"", ""market_cap"": 117021523, ""cg_price"": 0.01240227}]"
SKL,SKL,skale,SKALE,118811417,high,unique_candidate,"[{""id"": ""skale"", ""name"": ""SKALE""}]"
BLESS,BLESS,bless-2,Bless,80203741,high,unique_candidate,"[{""id"": ""bless-2"", ""name"": ""Bless""}]"
COW,COW,cow-protocol,CoW Protocol,125194401.0,medium,chosen_by_highest_mc,"[{""id"": ""coinwind"", ""name"": ""CoinWind"", ""market_cap"": 0.0, ""cg_price"": 0.00294273}, {""id"": ""cow"", ""name"": ""Cow"", ""market_cap"": 19811.97, ""cg_price"": 2.032e-05}, {""id"": ""cowcoin-2"", ""name"": ""Cowcoin"", ""market_cap"": 0.0, ""cg_price"": 0.01162868}, {""id"": ""cow-protocol"", ""name"": ""CoW Protocol"", ""market_cap"": 125194401, ""cg_price"": 0.238225}]"
ZETA,ZETA,zetachain,ZetaChain,131700115,high,unique_candidate,"[{""id"": ""zetachain"", ""name"": ""ZetaChain""}]"
HOT,HOT,holotoken,Holo,122830980,high,unique_candidate,"[{""id"": ""holotoken"", ""name"": ""Holo""}]"
SQD,SQD,subsquid,SQD,136773305.0,medium,chosen_by_highest_mc,"[{""id"": ""sqd"", ""name"": ""SQD"", ""market_cap"": 0.0, ""cg_price"": 2.227e-05}, {""id"": ""subsquid"", ""name"": ""SQD"", ""market_cap"": 136773305, ""cg_price"": 0.16}]"
T,T,threshold-network-token,Threshold Network,137610568,high,price_matched_within_5%,"[{""id"": ""talos-2"", ""name"": ""Talos"", ""market_cap"": 2318077, ""cg_price"": 0.00858522}, {""id"": ""threshold-network-token"", ""name"": ""Threshold Network"", ""market_cap"": 137610568, ""cg_price"": 0.01275261}]"
AVNT,AVNT,avantis,Avantis,133293914,high,unique_candidate,"[{""id"": ""avantis"", ""name"": ""Avantis""}]"
BLUR,BLUR,blur,Blur,138986408,high,unique_candidate,"[{""id"": ""blur"", ""name"": ""Blur""}]"
ROSE,ROSE,oasis-network,Oasis,137744059,high,price_matched_within_5%,"[{""id"": ""oasis-network"", ""name"": ""Oasis"", ""market_cap"": 137744059, ""cg_price"": 0.018573}, {""id"": ""rose-2"", ""name"": ""Rose"", ""market_cap"": 17058.84, ""cg_price"": 1.707e-05}, {""id"": ""rose-3"", ""name"": ""Rose"", ""market_cap"": 5397.16, ""cg_price"": 5.4e-06}, {""id"": ""rosecoin"", ""name"": ""Rosecoin"", ""market_cap"": 0.0, ""cg_price"": 0.141917}, {""id"": ""rose-finance"", ""name"": ""Rose Finance"", ""market_cap"": null, ""cg_price"": null}]"
OM,OM,mantra-dao,MANTRA,138374329,high,unique_candidate,"[{""id"": ""mantra-dao"", ""name"": ""MANTRA""}]"
PNUT,PNUT,peanut-the-squirrel,Peanut the Squirrel,143917507.0,medium,chosen_by_highest_mc,"[{""id"": ""peanut-3"", ""name"": ""Peanut"", ""market_cap"": 100407, ""cg_price"": 0.01004067}, {""id"": ""peanut-the-squirrel"", ""name"": ""Peanut the Squirrel"", ""market_cap"": 143917507, ""cg_price"": 0.144237}, {""id"": ""pnut"", ""name"": ""Pnut"", ""market_cap"": 41638, ""cg_price"": 0.00041638}, {""id"": ""pnut-the-squirrel"", ""name"": ""Pnut the Squirrel"", ""market_cap"": 15765.07, ""cg_price"": 1.577e-05}]"
MINA,MINA,mina-protocol,Mina Protocol,140931799,high,unique_candidate,"[{""id"": ""mina-protocol"", ""name"": ""Mina Protocol""}]"
BARD,BARD,lombard-protocol,Lombard,141562501,high,unique_candidate,"[{""id"": ""lombard-protocol"", ""name"": ""Lombard""}]"
4,,4-2,4,140659337,high,unique_candidate,"[{""id"": ""4-2"", ""name"": ""4""}]"
GRASS,GRASS,grass,Grass,146581674.0,medium,chosen_by_highest_mc,"[{""id"": ""grass"", ""name"": ""Grass"", ""market_cap"": 146581674, ""cg_price"": 0.468468}, {""id"": ""grass-2"", ""name"": ""Grass"", ""market_cap"": 10286.76, ""cg_price"": 0.00094393}]"
POPCAT,POPCAT,popcat,Popcat,157274404,high,unique_candidate,"[{""id"": ""popcat"", ""name"": ""Popcat""}]"
BIO,BIO,bio-protocol,Bio Protocol,197011949.0,medium,chosen_by_highest_mc,"[{""id"": ""bionergy"", ""name"": ""Bionergy"", ""market_cap"": 14765.28, ""cg_price"": 1.477e-05}, {""id"": ""bio-protocol"", ""name"": ""Bio Protocol"", ""market_cap"": 197011949, ""cg_price"": 0.111518}]"
EUL,EUL,euler,Euler,141830792,high,unique_candidate,"[{""id"": ""euler"", ""name"": ""Euler""}]"
ASTR,ASTR,astar,Astar,150235819.0,medium,chosen_by_highest_mc,"[{""id"": ""astar"", ""name"": ""Astar"", ""market_cap"": 150235819, ""cg_price"": 0.01836875}, {""id"": ""soneium-bridged-astar-soneium"", ""name"": ""Soneium Bridged ASTR (Soneium)"", ""market_cap"": 0.0, ""cg_price"": 0.01839366}]"
AWE,AWE,stp-network,AWE Network,150525929,high,unique_candidate,"[{""id"": ""stp-network"", ""name"": ""AWE Network""}]"
CELO,CELO,celo,Celo,148561621,high,unique_candidate,"[{""id"": ""celo"", ""name"": ""Celo""}]"
RVN,RVN,ravencoin,Ravencoin,157988756,high,unique_candidate,"[{""id"": ""ravencoin"", ""name"": ""Ravencoin""}]"
PROVE,PROVE,succinct,Succinct,152407811,high,unique_candidate,"[{""id"": ""succinct"", ""name"": ""Succinct""}]"
CKB,CKB,nervos-network,Nervos Network,164314551,high,unique_candidate,"[{""id"": ""nervos-network"", ""name"": ""Nervos Network""}]"
STG,STG,stargate-finance,Stargate Finance,159556710,high,unique_candidate,"[{""id"": ""stargate-finance"", ""name"": ""Stargate Finance""}]"
ZIL,ZIL,zilliqa,Zilliqa,159178927,high,unique_candidate,"[{""id"": ""zilliqa"", ""name"": ""Zilliqa""}]"
KAVA,KAVA,kava,Kava,165722063,high,unique_candidate,"[{""id"": ""kava"", ""name"": ""Kava""}]"
YFI,YFI,yearn-finance,yearn.finance,165760000,high,unique_candidate,"[{""id"": ""yearn-finance"", ""name"": ""yearn.finance""}]"
MEW,MEW,cat-in-a-dogs-world,cat in a dogs world,177422470,high,unique_candidate,"[{""id"": ""cat-in-a-dogs-world"", ""name"": ""cat in a dogs world""}]"
GAS,GAS,gas,Gas,172126022,high,price_matched_within_5%,"[{""id"": ""gas"", ""name"": ""Gas"", ""market_cap"": 172126022, ""cg_price"": 2.65}, {""id"": ""gas-dao"", ""name"": ""Gas DAO"", ""market_cap"": 44957, ""cg_price"": 1.56912e-07}]"
ZRX,ZRX,0x,0x Protocol,174099944,high,unique_candidate,"[{""id"": ""0x"", ""name"": ""0x Protocol""}]"
SAHARA,SAHARA,sahara-ai,Sahara AI,179050033,high,unique_candidate,"[{""id"": ""sahara-ai"", ""name"": ""Sahara AI""}]"
TURBO,TURBO,turbo,Turbo,183173825,high,price_matched_within_5%,"[{""id"": ""based-turbo"", ""name"": ""Based Turbo"", ""market_cap"": 278988, ""cg_price"": 3.83e-06}, {""id"": ""turbo"", ""name"": ""Turbo"", ""market_cap"": 183173825, ""cg_price"": 0.00265881}, {""id"": ""turbodex"", ""name"": ""TurboDEX"", ""market_cap"": 0.0, ""cg_price"": 0.01075258}, {""id"": ""turbo-win"", ""name"": ""TURBO.WIN"", ""market_cap"": 226020, ""cg_price"": 0.00046845}]"
SAFE,SAFE,safe,Safe,180829927.0,medium,chosen_by_highest_mc,"[{""id"": ""basesafe"", ""name"": ""BaseSafe"", ""market_cap"": 0.0, ""cg_price"": 56.63}, {""id"": ""safe"", ""name"": ""Safe"", ""market_cap"": 180829927, ""cg_price"": 0.27969}, {""id"": ""safe-2"", ""name"": ""SAFE"", ""market_cap"": 0.0, ""cg_price"": 0.00056288}, {""id"": ""safe-anwang"", ""name"": ""SAFE(AnWang)"", ""market_cap"": 0.0, ""cg_price"": 2.61}, {""id"": ""safecoin"", ""name"": ""SAFEbit"", ""market_cap"": 53174038, ""cg_price"": 0.277889}, {""id"": ""safe-coin-2"", ""name"": ""SafeCoin"", ""market_cap"": 2198838, ""cg_price"": 0.070443}]"
B,B,build-on,BUILDon,158487512.0,medium,chosen_by_highest_mc,"[{""id"": ""blocks-2"", ""name"": ""Blocks"", ""market_cap"": 87135, ""cg_price"": 8.714e-05}, {""id"": ""build-on"", ""name"": ""BUILDon"", ""market_cap"": 158487512, ""cg_price"": 0.158476}]"
GLM,GLM,golem,Golem,182315846,high,unique_candidate,"[{""id"": ""golem"", ""name"": ""Golem""}]"
PROM,PROM,prometeus,Prom,178346454,high,unique_candidate,"[{""id"": ""prometeus"", ""name"": ""Prom""}]"
ARKM,ARKM,arkham,Arkham,195926379,high,unique_candidate,"[{""id"": ""arkham"", ""name"": ""Arkham""}]"
SFP,SFP,safepal,SafePal,195982580,high,unique_candidate,"[{""id"": ""safepal"", ""name"": ""SafePal""}]"
CVX,CVX,convex-finance,Convex Finance,202303974,high,unique_candidate,"[{""id"": ""convex-finance"", ""name"": ""Convex Finance""}]"
ZRO,ZRO,layerzero,LayerZero,197355186,high,unique_candidate,"[{""id"": ""layerzero"", ""name"": ""LayerZero""}]"
AKT,AKT,akash-network,Akash Network,197168116.0,medium,chosen_by_highest_mc,"[{""id"": ""akash-network"", ""name"": ""Akash Network"", ""market_cap"": 197168116, ""cg_price"": 0.703913}, {""id"": ""akita-inu-2"", ""name"": ""Akita Inu"", ""market_cap"": 0.0, ""cg_price"": 7.399e-05}]"
DRIFT,DRIFT,drift-protocol,Drift Protocol,199497613,high,unique_candidate,"[{""id"": ""drift-protocol"", ""name"": ""Drift Protocol""}]"
BAS,BAS,bas,BNB Attestation Service,42331353,high,unique_candidate,"[{""id"": ""bas"", ""name"": ""BNB Attestation Service""}]"
ZEN,ZEN,zencash,Horizen,223976103.0,medium,chosen_by_highest_mc,"[{""id"": ""zenai"", ""name"": ""ZenAI"", ""market_cap"": 6859.05, ""cg_price"": 7.3e-06}, {""id"": ""zencash"", ""name"": ""Horizen"", ""market_cap"": 223976103, ""cg_price"": 12.86}, {""id"": ""zendawg"", ""name"": ""ZENDAWG"", ""market_cap"": 638678, ""cg_price"": 0.00091885}, {""id"": ""zenfrogs"", ""name"": ""ZenFrogs"", ""market_cap"": 142661, ""cg_price"": 1.531e-05}, {""id"": ""zenith-2"", ""name"": ""Zenith"", ""market_cap"": 0.0, ""cg_price"": 0.01157519}, {""id"": ""zenith-3"", ""name"": ""Zenith"", ""market_cap"": 39268, ""cg_price"": 3.927e-05}]"
QTUM,QTUM,qtum,Qtum,214310086,high,unique_candidate,"[{""id"": ""qtum"", ""name"": ""Qtum""}]"
H,H,humanity,Humanity,256506814.0,medium,chosen_by_highest_mc,"[{""id"": ""h"", ""name"": ""H"", ""market_cap"": 18033.52, ""cg_price"": 0.00015897}, {""id"": ""h-2"", ""name"": ""H"", ""market_cap"": 5776.05, ""cg_price"": 5.78e-06}, {""id"": ""humanity"", ""name"": ""Humanity"", ""market_cap"": 256506814, ""cg_price"": 0.140108}]"
KMNO,KMNO,kamino,Kamino,188904625,high,unique_candidate,"[{""id"": ""kamino"", ""name"": ""Kamino""}]"
AXL,AXL,axelar,Axelar,220367898.0,medium,chosen_by_highest_mc,"[{""id"": ""axelar"", ""name"": ""Axelar"", ""market_cap"": 220367898, ""cg_price"": 0.209015}, {""id"": ""axl-inu"", ""name"": ""AXL INU"", ""market_cap"": 0.0, ""cg_price"": 2.0162e-07}]"
DEEP,DEEP,deep,DeepBook,219774572.0,medium,chosen_by_highest_mc,"[{""id"": ""deep"", ""name"": ""DeepBook"", ""market_cap"": 219774572, ""cg_price"": 0.087969}, {""id"": ""deep-agents"", ""name"": ""Deep Agents"", ""market_cap"": 418794, ""cg_price"": 0.00042125}, {""id"": ""deeployer"", ""name"": ""Deeployer"", ""market_cap"": null, ""cg_price"": null}]"
MOVE,MOVE,movement,Movement,220449307,high,price_matched_within_5%,"[{""id"": ""bluemove"", ""name"": ""BlueMove"", ""market_cap"": 560879, ""cg_price"": 0.00257875}, {""id"": ""moveapp"", ""name"": ""MoveApp"", ""market_cap"": 0.0, ""cg_price"": 0.00029336}, {""id"": ""movement"", ""name"": ""Movement"", ""market_cap"": 220449307, ""cg_price"": 0.078779}]"
MOCA,MOCA,mocaverse,Moca Network,212437667.0,medium,chosen_by_highest_mc,"[{""id"": ""mocaverse"", ""name"": ""Moca Network"", ""market_cap"": 212437667, ""cg_price"": 0.053781}, {""id"": ""moocca"", ""name"": ""Moocca"", ""market_cap"": 3899.8, ""cg_price"": 3.9e-06}, {""id"": ""museum-of-crypto-art"", ""name"": ""Museum of Crypto Art"", ""market_cap"": 216889, ""cg_price"": 0.082856}]"
SOON,SOON,soon-2,SOON,260830890,high,unique_candidate,"[{""id"": ""soon-2"", ""name"": ""SOON""}]"
PLUME,PLUME,plume,Plume,241390949,high,unique_candidate,"[{""id"": ""plume"", ""name"": ""Plume""}]"
LPT,LPT,livepeer,Livepeer,239778560,high,unique_candidate,"[{""id"": ""livepeer"", ""name"": ""Livepeer""}]"
BERA,BERA,berachain-bera,Berachain,258607093,high,unique_candidate,"[{""id"": ""berachain-bera"", ""name"": ""Berachain""}]"
1INCH,INCH,1inch,1INCH,252043336,high,unique_candidate,"[{""id"": ""1inch"", ""name"": ""1INCH""}]"
SUPER,SUPER,superfarm,SuperVerse,258688463,high,price_matched_within_5%,"[{""id"": ""superciety"", ""name"": ""PeerMe SUPER"", ""market_cap"": 0.0, ""cg_price"": 0.00329465}, {""id"": ""super-connector"", ""name"": ""Super Connector"", ""market_cap"": 0.0, ""cg_price"": 0.00024429}, {""id"": ""superfarm"", ""name"": ""SuperVerse"", ""market_cap"": 258688463, ""cg_price"": 0.411591}]"
KAITO,KAITO,kaito,KAITO,264965932,high,unique_candidate,"[{""id"": ""kaito"", ""name"": ""KAITO""}]"
AR,AR,arweave,Arweave,267658732,high,unique_candidate,"[{""id"": ""arweave"", ""name"": ""Arweave""}]"
AXS,AXS,axie-infinity,Axie Infinity,271945369,high,unique_candidate,"[{""id"": ""axie-infinity"", ""name"": ""Axie Infinity""}]"
DYDX,DYDX,dydx-chain,dYdX,277748273,high,price_matched_within_5%,"[{""id"": ""dydx-chain"", ""name"": ""dYdX"", ""market_cap"": 277748273, ""cg_price"": 0.351777}, {""id"": ""dydx-wormhole"", ""name"": ""dYdX (Wormhole)"", ""market_cap"": 0.0, ""cg_price"": 0.056729}]"
ZK,ZK,zksync,ZKsync,277991494,high,unique_candidate,"[{""id"": ""zksync"", ""name"": ""ZKsync""}]"
BRETT,BRETT,based-brett,Brett,277808274.0,medium,chosen_by_highest_mc,"[{""id"": ""based-brett"", ""name"": ""Brett"", ""market_cap"": 277808274, ""cg_price"": 0.02810748}, {""id"": ""brett"", ""name"": ""Brett"", ""market_cap"": 0.0, ""cg_price"": 0.00036964}, {""id"": ""bretter-brett"", ""name"": ""Bretter Brett"", ""market_cap"": 0.0, ""cg_price"": 8.95584e-07}, {""id"": ""brett-eth"", ""name"": ""Brett ETH"", ""market_cap"": 0.0, ""cg_price"": 0.00509629}, {""id"": ""brett-memecoin"", ""name"": ""Brett (ETH)"", ""market_cap"": 3786291, ""cg_price"": 0.055169}]"
EGLD,EGLD,elrond-erd-2,MultiversX,289210951,high,unique_candidate,"[{""id"": ""elrond-erd-2"", ""name"": ""MultiversX""}]"
FF,FF,falcon-finance-ff,Falcon Finance,322125747,high,unique_candidate,"[{""id"": ""falcon-finance-ff"", ""name"": ""Falcon Finance""}]"
LINEA,LINEA,linea,Linea,267783329,high,unique_candidate,"[{""id"": ""linea"", ""name"": ""Linea""}]"
RUNE,RUNE,thorchain,THORChain,307676111,high,unique_candidate,"[{""id"": ""thorchain"", ""name"": ""THORChain""}]"
ARK,ARK,ark,ARK,64684309,high,price_matched_within_5%,"[{""id"": ""ark"", ""name"": ""ARK"", ""market_cap"": 64684309, ""cg_price"": 0.337882}, {""id"": ""ark-2"", ""name"": ""ARK"", ""market_cap"": 235179, ""cg_price"": 0.00023888}, {""id"": ""ark-3"", ""name"": ""ARK"", ""market_cap"": 301019213, ""cg_price"": 39.58}, {""id"": ""arken-world"", ""name"": ""Arken World"", ""market_cap"": 7048.5, ""cg_price"": 6.95e-06}]"
BAT,BAT,basic-attention-token,Basic Attention,290227342,high,price_matched_within_5%,"[{""id"": ""basic-attention-token"", ""name"": ""Basic Attention"", ""market_cap"": 290227342, ""cg_price"": 0.194457}, {""id"": ""batic"", ""name"": ""Batic"", ""market_cap"": 0.0, ""cg_price"": 0.00017062}, {""id"": ""bitbat-token"", ""name"": ""BitBat Token"", ""market_cap"": 808401, ""cg_price"": 0.252144}]"
WAL,WAL,walrus-2,Walrus,352164237,high,unique_candidate,"[{""id"": ""walrus-2"", ""name"": ""Walrus""}]"
JST,JST,just,JUST,330073255,high,unique_candidate,"[{""id"": ""just"", ""name"": ""JUST""}]"
TOSHI,TOSHI,toshi,Toshi,305013647.0,medium,chosen_by_highest_mc,"[{""id"": ""first-dog-to-buy-crypto"", ""name"": ""First Dog to Buy Crypto"", ""market_cap"": 85043, ""cg_price"": 0.0001}, {""id"": ""toshi"", ""name"": ""Toshi"", ""market_cap"": 305013647, ""cg_price"": 0.00072657}, {""id"": ""toshi-2"", ""name"": ""Toshi"", ""market_cap"": 20471, ""cg_price"": 4.032e-05}]"
USELESS,USELESS,useless-3,Useless Coin,347887809.0,medium,chosen_by_highest_mc,"[{""id"": ""useless-3"", ""name"": ""Useless Coin"", ""market_cap"": 347887809, ""cg_price"": 0.347909}, {""id"": ""useless-coin"", ""name"": ""USELESS COIN"", ""market_cap"": 67531, ""cg_price"": 6.786e-05}]"
XCN,XCN,chain-2,Onyxcoin,327223834,high,unique_candidate,"[{""id"": ""chain-2"", ""name"": ""Onyxcoin""}]"
MERL,MERL,merlin-chain,Merlin Chain,329946729,high,unique_candidate,"[{""id"": ""merlin-chain"", ""name"": ""Merlin Chain""}]"
COMP,COMP,compound-governance-token,Compound,370686489,high,unique_candidate,"[{""id"": ""compound-governance-token"", ""name"": ""Compound""}]"
FORM,FORM,four,Four,318825129,high,price_matched_within_5%,"[{""id"": ""four"", ""name"": ""Four"", ""market_cap"": 318825129, ""cg_price"": 0.834955}, {""id"": ""makeform"", ""name"": ""Makeform"", ""market_cap"": null, ""cg_price"": null}]"
CHZ,CHZ,chiliz,Chiliz,338522494,high,unique_candidate,"[{""id"": ""chiliz"", ""name"": ""Chiliz""}]"
APE,APE,apecoin,ApeCoin,377833557.0,medium,chosen_by_highest_mc,"[{""id"": ""ape-3"", ""name"": ""Ape"", ""market_cap"": 0.0, ""cg_price"": 1.04183e-07}, {""id"": ""apecoin"", ""name"": ""ApeCoin"", ""market_cap"": 377833557, ""cg_price"": 0.415826}, {""id"": ""ape-lol"", ""name"": ""Ape.lol"", ""market_cap"": 0.0, ""cg_price"": 2.222e-05}, {""id"": ""ape-on-apechain"", ""name"": ""Ape On ApeChain"", ""market_cap"": 10199.71, ""cg_price"": 1.02e-05}, {""id"": ""apetos"", ""name"": ""Apetos"", ""market_cap"": 0.0, ""cg_price"": 0.00077222}]"
W,W,wormhole,Wormhole,375660282,high,price_matched_within_5%,"[{""id"": ""victorious"", ""name"": ""Victorious"", ""market_cap"": 18933.98, ""cg_price"": 1.902e-05}, {""id"": ""w"", ""name"": ""W"", ""market_cap"": 228934, ""cg_price"": 0.00022902}, {""id"": ""w-coin"", ""name"": ""W coin"", ""market_cap"": 542945, ""cg_price"": 0.00054295}, {""id"": ""wormhole"", ""name"": ""Wormhole"", ""market_cap"": 375660282, ""cg_price"": 0.077958}]"
NEO,NEO,neo,NEO,370611426,high,unique_candidate,"[{""id"": ""neo"", ""name"": ""NEO""}]"
FLUID,FLUID,instadapp,Fluid,365765123,high,unique_candidate,"[{""id"": ""instadapp"", ""name"": ""Fluid""}]"
FARTCOIN,FARTCOIN,fartcoin,Fartcoin,385338899.0,medium,chosen_by_highest_mc,"[{""id"": ""based-fartcoin"", ""name"": ""Based Fartcoin"", ""market_cap"": 8723897, ""cg_price"": 8.742e-05}, {""id"": ""fartcoin"", ""name"": ""Fartcoin"", ""market_cap"": 385338899, ""cg_price"": 0.386652}]"
RSR,RSR,reserve-rights-token,Reserve Rights,372480160,high,unique_candidate,"[{""id"": ""reserve-rights-token"", ""name"": ""Reserve Rights""}]"
DEXE,DEXE,dexe,DeXe,371516500,high,unique_candidate,"[{""id"": ""dexe"", ""name"": ""DeXe""}]"
0G,G,zero-gravity,0G,403369993,high,unique_candidate,"[{""id"": ""zero-gravity"", ""name"": ""0G""}]"
ATH,ATH,aethir,Aethir,419901383.0,medium,chosen_by_highest_mc,"[{""id"": ""aethir"", ""name"": ""Aethir"", ""market_cap"": 419901383, ""cg_price"": 0.02954718}, {""id"": ""all-time-high-degen"", ""name"": ""All Time High"", ""market_cap"": 0.0, ""cg_price"": 9.44e-06}, {""id"": ""athenadao-token"", ""name"": ""AthenaDAO"", ""market_cap"": 2991747, ""cg_price"": 0.342758}, {""id"": ""high-af"", ""name"": ""High AF"", ""market_cap"": 9363.36, ""cg_price"": 9.37e-06}]"
ZORA,ZORA,zora,Zora,411602533,high,unique_candidate,"[{""id"": ""zora"", ""name"": ""Zora""}]"
SYRUP,SYRUP,syrup,Maple Finance,421726147,high,unique_candidate,"[{""id"": ""syrup"", ""name"": ""Maple Finance""}]"
BSV,BSV,bitcoin-cash-sv,Bitcoin SV,443286259,high,unique_candidate,"[{""id"": ""bitcoin-cash-sv"", ""name"": ""Bitcoin SV""}]"
SUN,SUN,sun-token,Sun Token,445170222,high,unique_candidate,"[{""id"": ""sun-token"", ""name"": ""Sun Token""}]"
FLOW,FLOW,flow,Flow,453866172.0,medium,chosen_by_highest_mc,"[{""id"": ""flow"", ""name"": ""Flow"", ""market_cap"": 453866172, ""cg_price"": 0.281158}, {""id"": ""flow-agent"", ""name"": ""Flow Agent"", ""market_cap"": 19438.11, ""cg_price"": 2.046e-05}, {""id"": ""flow-lending"", ""name"": ""Flow Lending"", ""market_cap"": 4077998, ""cg_price"": 0.204642}, {""id"": ""flow-state"", ""name"": ""flow state"", ""market_cap"": 17241.6, ""cg_price"": 1.725e-05}, {""id"": ""pulsechain-flow"", ""name"": ""Pulsechain FLOW"", ""market_cap"": null, ""cg_price"": null}, {""id"": ""stake-flow"", ""name"": ""STAKE FLOW"", ""market_cap"": 0.0, ""cg_price"": 6.518e-05}]"
MANA,MANA,decentraland,Decentraland,468813192,high,price_matched_within_5%,"[{""id"": ""decentraland"", ""name"": ""Decentraland"", ""market_cap"": 468813192, ""cg_price"": 0.244455}, {""id"": ""decentraland-wormhole"", ""name"": ""Decentraland (Wormhole)"", ""market_cap"": 0.0, ""cg_price"": 0.239468}, {""id"": ""meme-anarchic-numismatic-asset"", ""name"": ""Meme Anarchic Numismatic Asset"", ""market_cap"": 120991, ""cg_price"": 0.00012099}]"
JTO,JTO,jito-governance-token,Jito,450934430,high,unique_candidate,"[{""id"": ""jito-governance-token"", ""name"": ""Jito""}]"
EIGEN,EIGEN,eigenlayer,EigenCloud (prev. EigenLayer),444729092,high,unique_candidate,"[{""id"": ""eigenlayer"", ""name"": ""EigenCloud (prev. EigenLayer)""}]"
A,A,vaulta,Vaulta,469466103,high,unique_candidate,"[{""id"": ""vaulta"", ""name"": ""Vaulta""}]"
SNX,SNX,havven,Synthetix,585757812,high,unique_candidate,"[{""id"": ""havven"", ""name"": ""Synthetix""}]"
STRK,STRK,starknet,Starknet,572409620,high,unique_candidate,"[{""id"": ""starknet"", ""name"": ""Starknet""}]"
JASMY,JASMY,jasmycoin,JasmyCoin,514775770,high,unique_candidate,"[{""id"": ""jasmycoin"", ""name"": ""JasmyCoin""}]"
SAND,SAND,the-sandbox,The Sandbox,531893752,high,price_matched_within_5%,"[{""id"": ""the-sandbox"", ""name"": ""The Sandbox"", ""market_cap"": 531893752, ""cg_price"": 0.217759}, {""id"": ""the-sandbox-wormhole"", ""name"": ""The Sandbox (Wormhole)"", ""market_cap"": 0.0, ""cg_price"": 0.215897}]"
GALA,GALA,gala,GALA,535845751,high,unique_candidate,"[{""id"": ""gala"", ""name"": ""GALA""}]"
VIRTUAL,VIRTUAL,virtual-protocol,Virtuals Protocol,540570783,high,unique_candidate,"[{""id"": ""virtual-protocol"", ""name"": ""Virtuals Protocol""}]"
ENS,ENS,ethereum-name-service,Ethereum Name Service,528653437,high,unique_candidate,"[{""id"": ""ethereum-name-service"", ""name"": ""Ethereum Name Service""}]"
WIF,WIF,dogwifcoin,dogwifhat,556672343,high,price_matched_within_5%,"[{""id"": ""dogwifcoin"", ""name"": ""dogwifhat"", ""market_cap"": 556672343, ""cg_price"": 0.558097}, {""id"": ""dogwifhat-base"", ""name"": ""DogWifHat"", ""market_cap"": 0.0, ""cg_price"": 5.242e-05}, {""id"": ""dogwifhood"", ""name"": ""DOGWIFHOOD"", ""market_cap"": 100445, ""cg_price"": 0.00010055}, {""id"": ""hamster-wif-hat"", ""name"": ""HAMSTER WIF HAT"", ""market_cap"": 0.0, ""cg_price"": 1.117e-05}, {""id"": ""wif-on-eth"", ""name"": ""WIF on ETH"", ""market_cap"": 0.0, ""cg_price"": 0.00010213}, {""id"": ""wif-secondchance"", ""name"": ""Wif - SecondChance"", ""market_cap"": 142361, ""cg_price"": 0.00017912}]"
MYX,MYX,myx-finance,MYX Finance,517923396,high,unique_candidate,"[{""id"": ""myx-finance"", ""name"": ""MYX Finance""}]"
COAI,COAI,chainopera-ai,ChainOpera AI,986108404.0,medium,chosen_by_highest_mc,"[{""id"": ""chainopera-ai"", ""name"": ""ChainOpera AI"", ""market_cap"": 986108404, ""cg_price"": 5.03}, {""id"": ""codemong-ai-games"", ""name"": ""CodeMong Ai Games"", ""market_cap"": 0.0, ""cg_price"": 3.13e-06}, {""id"": ""coti-ai-agents"", ""name"": ""COTI AI Agents"", ""market_cap"": 181539, ""cg_price"": 0.00029186}]"
1000CHEEMS,CHEEMS,1000chems,1000CHEMS,,high,unique_candidate,"[{""id"": ""1000chems"", ""name"": ""1000CHEMS""}]"
BROCCOLI714,BROCCOLI714,czs-dog,CZ's Dog,25209408,high,override,"[{""id"": ""czs-dog"", ""name"": ""CZ's Dog"", ""market_cap"": 25209408}]"
AVAAI,AVAAI,,,,none,no_candidates,[]
BROCCOLIF3B,BROCCOLIF3B,broccoli-3,Broccoli,17453293,high,override,"[{""id"": ""broccoli-3"", ""name"": ""Broccoli"", ""market_cap"": 17453293}]"
AGT,AGT,alaya-ai,Alaya AI,,none,no_market_cap_candidates,"[{""id"": ""alaya-ai"", ""name"": ""Alaya AI"", ""market_cap"": 0.0, ""cg_price"": 0.00450232}, {""id"": ""avatago"", ""name"": ""AVATAGO"", ""market_cap"": null, ""cg_price"": null}]"
